question,answer
Nên đánh răng bao nhiêu lần mỗi ngày?,"Nên đánh răng ít nhất 2 lần mỗi ngày, vào buổi sáng và buổi tối trước khi đi ngủ."
Thời gian lý tưởng để đánh răng là bao lâu?,Mỗi lần đánh răng nên kéo dài khoảng 2–3 phút để làm sạch toàn bộ bề mặt răng.
Có nên đánh răng ngay sau khi ăn không?,Không nên. Hãy chờ ít nhất 30 phút sau khi ăn mới đánh răng để tránh làm mòn men răng.
Nên chọn loại bàn chải nào?,"Nên chọn bàn chải lông mềm, đầu nhỏ để dễ dàng làm sạch các vùng khó tiếp cận."
Bao lâu nên thay bàn chải răng một lần?,"Khoảng 3 tháng một lần hoặc khi lông bàn chải bị tòe, cong."
Có cần dùng chỉ nha khoa không?,Có. Chỉ nha khoa giúp làm sạch mảng bám giữa các kẽ răng mà bàn chải không tới được.
Súc miệng bằng nước muối có tốt không?,"Có, nhưng nên dùng nước muối sinh lý pha đúng nồng độ, không nên dùng quá đặc."
Nên chọn kem đánh răng có chứa gì?,Nên chọn kem có chứa fluor để giúp ngăn ngừa sâu răng và bảo vệ men răng.
Có nên đánh răng bằng baking soda thường xuyên không?,"Không nên lạm dụng vì có thể làm mòn men răng, chỉ nên dùng 1–2 lần/tháng."
Làm sao để loại bỏ mảng bám trên răng?,"Duy trì vệ sinh răng miệng tốt, dùng chỉ nha khoa và đi lấy cao răng định kỳ 6 tháng/lần."
Nguyên nhân gây sâu răng là gì?,"Do vi khuẩn trong mảng bám chuyển hóa đường thành axit, làm hỏng men răng."
Dấu hiệu nhận biết sâu răng?,"Răng có lỗ nhỏ, đổi màu nâu hoặc đen, đau nhức khi ăn đồ ngọt hoặc nóng lạnh."
Sâu răng có tự khỏi không?,"Không, cần điều trị bằng cách trám răng hoặc xử lý tại nha khoa."
Nguyên nhân gây viêm nướu?,"Do mảng bám và vi khuẩn tích tụ ở đường viền nướu, gây sưng đỏ và chảy máu."
Cách phòng ngừa viêm nướu?,"Đánh răng đúng cách, dùng chỉ nha khoa và đi cạo vôi răng định kỳ."
Hôi miệng do đâu?,"Có thể do mảng bám, viêm nướu, lưỡi bẩn hoặc các bệnh lý dạ dày."
Cách khắc phục hôi miệng?,"Giữ vệ sinh răng miệng sạch, chải lưỡi, uống đủ nước và khám nha sĩ nếu kéo dài."
Răng bị ê buốt là do đâu?,"Do mòn men răng, tụt nướu hoặc lộ ngà răng, có thể điều trị bằng kem chống ê buốt."
Chảy máu chân răng là bệnh gì?,Thường là dấu hiệu của viêm nướu hoặc viêm nha chu.
Khi nào nên đi lấy cao răng?,Nên lấy cao răng định kỳ mỗi 6 tháng để tránh viêm nướu và hôi miệng.
Tẩy trắng răng có hại không?,"Nếu thực hiện đúng kỹ thuật tại nha khoa thì an toàn. Tuy nhiên, lạm dụng có thể làm mòn men răng."
Bao lâu nên tẩy trắng răng một lần?,Khoảng 1–2 năm/lần tùy tình trạng răng và chế độ ăn uống.
Răng xỉn màu có thể làm trắng bằng cách nào?,"Có thể tẩy trắng răng, dán sứ veneer hoặc bọc sứ thẩm mỹ."
Niềng răng mất bao lâu?,"Thời gian niềng thường từ 1,5 đến 3 năm tùy mức độ lệch lạc của răng."
Niềng răng có đau không?,"Có thể hơi đau hoặc ê vài ngày đầu, sau đó cơ thể sẽ quen dần."
Có nên niềng răng trong suốt không?,"Niềng răng trong suốt mang tính thẩm mỹ cao, phù hợp với người trưởng thành."
Bọc răng sứ là gì?,"Là phương pháp mài nhỏ răng thật và bọc lớp sứ bên ngoài để cải thiện hình dáng, màu sắc răng."
Bọc sứ có ảnh hưởng đến răng thật không?,"Nếu làm đúng kỹ thuật, không ảnh hưởng. Nhưng nếu mài quá nhiều có thể làm yếu răng."
Chi phí niềng răng trung bình là bao nhiêu?,"Từ 25 đến 60 triệu đồng, tùy loại mắc cài và độ phức tạp."
Chi phí bọc răng sứ là bao nhiêu?,"Từ 2 đến 8 triệu đồng mỗi răng, tùy loại sứ và phòng khám."
Khi nào trẻ nên đi khám răng lần đầu?,Ngay khi mọc chiếc răng sữa đầu tiên hoặc trước 1 tuổi.
Răng sữa có cần chăm sóc không?,"Có, vì răng sữa ảnh hưởng đến khả năng ăn nhai và mọc răng vĩnh viễn sau này."
Trẻ nên đánh răng từ mấy tuổi?,"Khi trẻ mọc răng đầu tiên, cha mẹ nên giúp trẻ chải răng bằng bàn chải mềm và kem không fluor."
Khi nào nên cho trẻ dùng kem đánh răng có fluor?,"Từ khoảng 3 tuổi trở lên, với lượng nhỏ bằng hạt gạo."
Trẻ bị sâu răng sữa có cần trám không?,"Có, để tránh nhiễm trùng và giữ chỗ cho răng vĩnh viễn mọc đúng vị trí."
Làm sao để trẻ thích đánh răng?,"Tạo thói quen vui vẻ, cho trẻ chọn bàn chải màu sắc yêu thích và cùng đánh răng với cha mẹ."
Nguyên nhân trẻ bị sâu răng sữa?,"Do bú bình khi ngủ, ăn nhiều đồ ngọt và vệ sinh răng miệng kém."
Có nên nhổ răng sữa sớm không?,"Không nên nhổ sớm, vì có thể ảnh hưởng đến vị trí mọc răng vĩnh viễn."
Bao lâu nên đưa trẻ đi khám răng?,Nên khám định kỳ 6 tháng/lần để kiểm tra răng và hướng dẫn chăm sóc đúng cách.
Trẻ bị mòn răng là do đâu?,"Có thể do nghiến răng, ăn đồ chua hoặc vệ sinh răng chưa đúng."
Vì sao cần khám răng định kỳ?,"Để phát hiện sớm các bệnh răng miệng và làm sạch mảng bám, cao răng."
Nên đi khám răng bao lâu một lần?,Khoảng 6 tháng/lần.
Có nên dùng nước súc miệng hằng ngày không?,"Có, giúp giảm vi khuẩn và hơi thở thơm mát, nhưng chọn loại không cồn."
Nguyên nhân khiến răng bị ố vàng?,"Do thực phẩm có màu, hút thuốc lá, hoặc vệ sinh răng miệng chưa tốt."
Cách làm hơi thở thơm mát?,"Đánh răng, chải lưỡi, súc miệng, uống đủ nước và hạn chế hành, tỏi."
Răng khôn mọc lệch có cần nhổ không?,"Nên nhổ nếu gây đau, viêm hoặc ảnh hưởng răng kế bên."
Thực phẩm nào tốt cho răng?,"Sữa, phô mai, rau xanh, trái cây giòn như táo giúp làm sạch răng tự nhiên."
Thói quen nào gây hại cho răng?,"Cắn móng tay, nhai đá, mở nắp chai bằng răng, hút thuốc lá."
Tại sao cần dùng chỉ nha khoa thay vì tăm xỉa?,Chỉ nha khoa ít gây tổn thương nướu và làm sạch hiệu quả hơn.
Làm sao để có hàm răng khỏe đẹp?,"Duy trì vệ sinh răng miệng, ăn uống lành mạnh và khám nha sĩ định kỳ."
